filename,title,publisher,year,month,day,volume,text
以点带面破解“托育难”.pdf,以点带面破解“托育难”,,,,,,"中国人口报/2024 年/4 月/17 日/第 006 版 
行业/人口 

以点带面破解“托育难” 

本报记者    曹梦甜 

      推动建设生育友好型社会,消除制约生育的不利因素,是应对我国人口发展新形势的必然选
择。大力发展托育服务,有效增加普惠托育服务供给,对于减轻家庭负担、提高生育意愿具有明显
的正向作用。近年来,全国各地有序有力推进托育服务发展,为托育事业贡献了很多优秀经验做法,
也营造了生育友好的社会环境。 
        香洲区:解“不敢生”之忧 
        “我们夫妻俩都是外地的,父母不在珠海,现在大宝 3 岁了,想再生个二宝,但没人带,不敢生。”
想生没人带、经济负担重,有李女士这样顾虑的小家庭不在少数。近年来,广东省珠海市香洲区不
断加强政策统筹,着力构建主体多元的优质普惠托育服务体系,有序有力推进托育服务健康发展。 
        为解决年轻父母“不敢生”的后顾之忧,香洲区通过政策支持、财政补贴、强化监管等措施,
鼓励和引导社会力量兴办普惠托育服务机构,解决小家庭的后顾之忧。截至 2023 年底,全区提供托
育服务的各类机构有 104 家,总托位数达 5563 个,全区每千人口托位数为 4.88 个。 
        香洲区建立以分管副区长为召集人的区级婴幼儿照护服务联席会议制度,提出了“一照多址”
“一事一议”服务等创新做法,为托育服务机构备案和发展提供有力政策支持。 
        通过印发文件指引,明确优化托育服务机构登记和备案程序,香洲区搭建了“1+10+N”工作体
系,由区卫生健康局牵头,联合 10 个镇街和多个职能部门建立协同帮扶机制,指导托育机构做好备
案工作。成立区级托育服务综合指导中心,定期组织托育机构开展卫生保健知识培训;投入支持资
金 40 万元,建设 8 个育婴培训基地,定期开展育婴培训,全面提高托育机构服务水平。 
        制定普惠性托育服务机构认定与资金补助管理办法,开展托育等级评审、普惠认定等工作。按
示范、普惠进行分类奖补,明确对市级 3 岁以下婴幼儿照护优质服务示范机构 3 年予以补助 60 万
元。补助类普惠托育机构予以每家不高于 20 万元规范建设奖励补助和实收托位每人每年 7200 元
运营补助,补助类普惠托育机构按等级制定收费标准。社会性普惠托育机构收费指导价格不高于本
地区上年度人均可支配收入的 70%。 
        为守护“最柔软的群体”,香洲区还建立起常态化监管、动态评估、处罚惩戒等多元机制,对
存在违法行为的严格依法处理。定期对卫生保健、食品安全、安全防范、消防安全等方面情况开
展全覆盖检查,发现问题督促指导机构及时落实整改;利用“食安快线”APP 实现全区托育机构食
品安全考核全覆盖。 
        资兴市:让家庭托得安心 
        “白天上班没时间看孩子,去年把不满一岁的儿子送到米粒一家托育中心托管。中心各方面条
件都很好,儿子挺适应,我工作起来安心多了!”日前,家住湖南省资兴市东江街道的孙女士谈起将儿
子送进托育中心照顾起居的经历,她表示很放心。 
        为解决 3 岁以下婴幼儿托位少、分布不均的问题,资兴市全面贯彻落实湖南省普惠托育服务专
项行动,支持和引导全市托育机构向专业化、社区化、普惠化发展,并择优培育出一家优秀典型机
构。 
        经过 3 年发展,该中心已成为一家融“托管、教育、保健”三位一体的高品质示范性托育服务
机构,2023 年被评为“湖南省首批示范性托育机构”。这是资兴市积极营造生育友好环境的一个缩
影。 
        2021 年,资兴市印发文件,明晰各部门职能职责,保障托育机构税收、用地等优惠政策,同时将母

第 1 页  共 2 页 

 
 
 
   
婴设施建设纳入相关部门职责,全面促进 3 岁以下婴幼儿照护发展。2022 年,资兴市将全市 8 家独
立公办幼儿园全部纳入托位建设计划,推动已建成的公办幼儿园通过改扩建的方式开设托班,新建
公办幼儿园从规划设计层面就考虑托班建设,现资兴市城区 6 家独立公办幼儿园均已开设托班并
在资兴市卫生健康局完成备案。2023 年,资兴市把婴幼儿托育服务纳入全市“十四五”规划和 2035
远景目标纲要,积极开展生育全程服务和人口管理机制建设,推行生育登记网上办理和“新生儿出
生一件事”联办,实现生育政策落实和生育服务提供的无缝衔接,为群众提供一站式生育全程服务。 
        同时,实施 3 岁以下婴幼儿照护服务能力提升工程,落实托育机构税收、用地等优惠政策,联合
资兴市妇幼保健院、资兴市米粒一家托育中心建设托育综合服务中心,积极与社区合作,开展社区
普惠托育服务,有力提升服务水平。2023 年,全市托育服务机构已发展到 15 家,总托位数达到 1350
个,每千人托位数达到 4.27 个。 
        港北区:普惠优先  多元办托 
        近年来,广西壮族自治区贵港市港北区从政策支持、服务配套、品牌培育等三个方面持续推动
婴幼儿照护服务深度发展,取得积极成效。 
        港北区建立了人口和计划生育领导小组制度,强化人口和计划生育工作领导小组成员单位的
统筹协调作用,凝聚共建合力,积极推动人口和生育服务方面改革,督促相关部门完善配套政策措
施、落实工作任务,协调解决政策落实中的问题,形成了“党委领导、政府负责、部门配合、人人
参与”的生育友好工作格局。 
        在财力保障方面,港北区对已备案的托育机构实行每人每月 200 元的运营补贴,对新建扩建改
建的托育机构及幼儿园从激励机制以奖代补资金中给予一定资金扶持,落实辖区内备案托育机构
用水、用电、用气参照居民生活价格政策。 
        公办托育方面,港北区科学规划托育机构,利用现有机构设施、空置场地等,改扩建一批公办托
育服务机构。自 2023 年以来,港北区已完成 51 个示范性托育服务项目建设,托育综合服务中心、
托育服务指导培训中心也已投入使用,新增托位 1528 个以上,提前实现每千人口拥有婴幼儿托位数
4.5 个目标。同时,港北区将托育服务纳入社区服务体系,统筹规划建设婴幼儿照护服务设施,对新建
的居住小区,要求建设方必须按标准规划、建设托育服务室及安全配套设施,并与住宅同步规划、
同步设计、同步建设、同步验收、同步交付使用。 
        目前,港北区共注册托育服务机构 42 家。在品牌创建方面,自 2023 年以来,该区新增自治区示
范性托育园 3 家,“童年一墅”品牌荣获自治区示范性托育机构命名,形成以点带面推进托育机构
建设全面规范化的模式。同时,依托港北区妇幼保健院建设港北区婴幼儿照护服务指导中心,面向
托育机构进行师资培训、开展医育结合托育服务,为有医育需求的家庭转介到指导服务中心进行体
检及卫生保健、生活照护和早期学习指导。 

第 2 页  共 2 页 

 
"
吉林省卫生健康委党组书记、主任邢程_提高人口素质  助推吉林全面振兴.pdf,吉林省卫生健康委党组书记、主任邢程:提高人口素质    助推,,,,,,"中国人口报/2024 年/5 月/15 日/第 005 版 
行业/人口 

吉林省卫生健康委党组书记、主任邢程:提高人口素质    助推
吉林全面振兴 

本报记者    牛煜辉 

      吉林省委十二届四次全会审议通过了《中共吉林省委关于深入贯彻落实习近平总书记在新时
代推动东北全面振兴座谈会上的重要讲话精神推动吉林全面振兴率先实现新突破的决定》,强调人
口高质量发展对吉林全面振兴的支撑作用,要求把人口工作摆在突出位置,提高人口整体素质,创造
有利于实现高质量发展的人口条件。在提高人口整体素质、推动全面振兴方面,吉林省有何突破?
记者日前采访了吉林省卫生健康委党组书记、主任邢程。 
        记者:近年来,吉林省以留住人才、吸引人才为抓手,不断优化人口结构,请介绍一下相关情况? 
        邢程:吉林省统计局 2023 年全省人口变动情况抽样调查汇总数据显示,截至 2023 年末,吉林省
常住人口为 2339.41 万人,其中 16 至 59 岁劳动年龄人口为 1450.47 万人,平均受教育年限为 11.23
年,同比提高 0.24 年。总体来说,吉林省劳动力资源总量依然丰富,素质不断提升,为全面振兴率先实
现新突破提供了强有力的人力资源保障。 
        截至 2023 年末,吉林省城镇人口为 1514.07 万人,同比增加 17.89 万人;常住人口城镇化率为
64.72%,同比提高 0.99 个百分点,增幅高于东北地区兄弟省份。 
        近年来,吉林省委、省政府不断优化营商环境,加快产业转型升级,经济社会发展迈上新台阶,为
吉林省人口集聚创造了良好机遇。吉林还以提高人口整体素质、人口高质量发展支撑吉林全面振
兴为突破口,不断加强人力资源开发利用,加大人才振兴政策的支持力度,打造更多创业创新平台,
为留住人才、吸引人才奠定了坚实基础。目前,吉林省的人口实现了由 2022 年净流出 18.07 万人
到 2023 年净流入 4.34 万人的跨越。 
        记者:建立积极生育支持政策体系,对降低生育、养育、教育成本,推动实现适度生育水平,促进
人口长期均衡发展有重要意义,可否介绍一下吉林省相关工作情况? 
        邢程:吉林省采取优化流程、简化程序、细化任务等方式,2021 年 9 月 28 日,在全国第一个完
成了地方性法规修改工作,新修改的《吉林省人口与计划生育条例》明确公民应当依法生育,提倡
适龄婚育、优生优育,一对夫妻可以生育三个子女。完善再婚夫妻和边境县生育政策,并对一定范
围内有新生儿出生的家庭给予一次性奖励。将县级以上人民政府应当建立育儿补贴制度,落实婚
假、产假、护理假、育儿假,完善促进生育的配套支持措施,写入《吉林省人口与计划生育条例》,
保证各地出台配套措施有法可依。 
        吉林省委、省政府出台《关于优化生育政策促进人口长期均衡发展实施方案》,明确 7 个方面
36 条生育相关支持措施。出台促进边境村人口稳定的政策措施,提出稳边固边相关政策举措。吉
林省卫生健康委、省发展改革委等 17 个部门联合印发《吉林省进一步完善和落实积极生育支持
措施的实施意见》,提出 20 条生育支持措施,明确育儿假和独生子女父母照护假,确定按政策生育的
夫妻在子女 3 周岁前,每人每年享受 20 天育儿假;独生子女父母年满 60 周岁后患病住院的,其独生
子女每年享受累计 15 天照护假。 
        吉林省印发《吉林省母婴安全行动提升计划(2021—2025 年)实施方案》,全面落实母婴安全五
项制度,实施省级孕产妇急救中心分片管理制度,对高危孕产妇专人专案、全程管理、集中救治,建
立助产机构、急救中心和血站联动机制,并通过医联体对口支援等方式提升农村危重孕产妇、新生
儿救治能力。实现市、县两级均设置 1 家政府主办的标准化妇幼保健机构,不断强化危重孕产妇救
治与新生儿救治能力,满足群众不断增长的生育服务需求。将推进公共场所和用人单位母婴设施建

第 1 页  共 2 页 

 
 
 
   
设纳入省政府民生实事,实现国家现行标准下母婴设施建设全覆盖。 
        自 2019 年以来,吉林省先后出台“1+5”个文件,全方位发展托育服务体系。“1”,就是《吉林
省人民政府办公厅关于促进 3 岁以下婴幼儿照护服务发展的实施意见》,全面部署婴幼儿照护服务
发展工作。“5”,就是《全省 3 岁以下婴幼儿照护服务试点创建工作实施方案》《吉林省托育机构
登记和备案实施细则》《吉林省托育机构管理办法(试行)》和《吉林省托育机构设置标准(试行)》
等 5 个基础性文件,为支持托育服务体系建设夯实了基础。积极向国家申报中央预算内投资项
目,2020 年至 2023 年争取中央普惠托育机构专项资金 3243 万元,使省内 14 家托育机构受益。各地
积极投入并引进社会资本支持托育服务机构建设,其中,大安市投入 1400 余万元,依托妇幼保健计
划生育服务中心建成集医、育、教功能于一体的公立综合性托育服务机构。梅河口市引进社会资
本 2000 万元,打造民营大型托育服务综合体,满足群众托育服务需求。截至 2023 年 6 月末,全省共
有可提供托育服务的机构 1988 家,每千人口托位数达 3.67 个,位居全国前列。 
        记者:持续推动人口高质量发展,吉林省下一步有何工作打算? 
        邢程:下一步,吉林省卫生健康系统将牢牢把握人口发展新常态,着力优化人口结构,促进人口
长期均衡发展。 
        注重人口发展战略研究。深入研究新形势下人口与经济、社会、资源、环境之间的互动关系
以及人口数量、素质、结构和分布的变动趋势,科学评估经济增长和社会发展对生育行为的影响,
做好相关政策储备,为人口高质量发展提供路径举措。 
        注重人口健康水平提升。把保障人民健康放在优先发展的战略位置,全面推进健康吉林建设,
完善人民健康促进政策,不断蓄积和开发“健康红利”,进一步丰富“人口红利”内涵。巩固深化
母婴安全制度,深入实施母婴安全、健康儿童、出生缺陷综合防治能力提升等行动计划。加强婴幼
儿养育照护指导,提升儿童早期发展服务能力。深入开展健康中国行动和爱国卫生运动,加强重大
疫情防控救治体系和应对能力建设,加强重大慢性病健康管理,全方位干预健康影响因素、维护全
周期健康,延长健康预期寿命,提高生命质量。 
        注重引留人才平台打造。发挥吉林省科教资源优势,吸引一批能够突破关键技术、发展高新产
业、带动新兴学科的紧缺人才到吉林创业。坚持海纳百川引人才、多措并举育人才、苦口婆心留
人才、不拘一格用人才,实施好“吉人回乡”工程、“创业奋斗、‘就’在吉林”等系列行动,不断
掀起人才汇聚、人才回归、人才兴业热潮,以“人兴”引领吉林全面振兴。 
        注重生育友好环境构建。强化母婴健康服务管理,增强妇幼健康筛查能力。引导和鼓励社会力
量举办非营利性妇女儿童医院、普惠性托儿所和幼儿园等服务机构。构建全省统筹规划、全域系
统推进、全程多元参与的儿童友好城市工作格局。加大人口政策和国情宣传教育力度,推动生育观
念转变,努力构建育龄人群愿意生、生得起的良好氛围。 

第 2 页  共 2 页 

 
"
构建更有温度的生育支持政策体系.pdf,山东省卫生健康委党组书记、主任，山东省中医药局局长马立新:,,,,,,"中国人口报/2024 年/9 月/18 日/第 005 版 
行业/人口 

  山东省卫生健康委党组书记、主任，山东省中医药局局长马立新: 

构建更有温度的生育支持政策体系 

本报记者    严少卫 

      山东是常住人口和户籍人口“双过亿”的省份,做好人口工作责任重大。近年来,全省上下深
入学习贯彻习近平总书记关于人口高质量发展的重要论述,把优化人口发展战略、健全生育支持政
策体系、促进人口高质量发展作为一项重大政治任务,不断加力发力,取得了积极成效。近期,本报
记者专访了山东省卫生健康委党组书记、主任,山东省中医药局局长马立新。 
        记者:请问山东在省级层面是如何加强组织领导,高位推进人口工作的? 
        马立新:山东省委、省政府始终坚持人口与发展通盘考虑、统筹协调、综合决策,主要负责同
志强力推进健全完善生育支持政策体系,省政府常务会专题研究具有较高“含金量”的政策措施:
省人大常委会修订《山东省人口与计划生育条例》,省政协召开以婴幼儿照护为主题的月度协商会。
建立 16 个部门参加的省优化生育政策联席会议制度,将人口目标管理责任制落实情况列入省委、
省政府重大督查事项,制定省直相关部门落实积极生育支持措施任务分工方案,逐级压实责任、传
导压力。市、县两级参照省级强化组织领导,济南、济宁等市委主要负责同志带头调研、谋划推进
配套政策落实落地,全省党委政府主导、上下联动、左右协调的工作格局更加完善。 
        记者:在系统推进人口工作中,您觉得有哪些关键环节需要进一步发力? 
        马立新:一方面,大力提升政策协同。山东出台《关于优化生育政策促进人口长期均衡发展的
实施方案》和最新修订的《山东省人口与计划生育条例》后,省直相关部门就人口监测、母婴安全
和托育照护等重点工作,出台一系列配套政策,形成比较完善的生育支持政策体系。比如,完善部门
人口相关信息共享机制;托育机构用水用电用热用气按照居民生活类价格执行;对符合相关标准或
示范托育机构给予 3 万元至 10 万元的补助,分别给予二孩、三孩每人每月 300 元、600 元保育费
补助;相应提高居民生育二孩、三孩的住院分娩医疗费医保支付比例,将辅助生殖技术医疗服务费
用纳入医保支付范围等,为全省整体推进生育政策落实奠定基础。 
        另一方面,努力营造生育发好氛围。山东深入开展生育友好宣传教育,组织新型婚育文化进万
家活动,将其纳入文化科技卫生“三下乡”活动的重要内容。指导各级利用“国际家庭日”“计生
协会员活动日”“世界人口日”以及元旦、春节、七夕、中秋等传统节日,精准有效开展宣传教育
活动。在各级媒体平台开设生育支持政策宣传专栏,宣传人口形势、政策法规、托育服务和各地经
验做法,开展生育友好、新型婚育文化建设等活动,引导群众树立正确的婚恋观、生育观、家庭观,
营造“适龄婚育、支持生育、优生优育”的良好氛围。 
        记者:请问在健全生育支持政策体系上,山东是如何整体谋划的? 
        马立新:一是逐市优化生育支持政策。山东在做好省级制度设计的同时,注重典型引路,精准指
导各地完善生育政策。济南市对二孩、三孩家庭分别发放 600 元、800 元育儿补贴,对符合标准的
托育机构给予 5 万元一次性补助,按入托人数给予每人每月 400 元保育补助。威海市规定居住小区
按照每干人口不少于 8 至 10 个托位标准建设或完善托育服务设施,并设立普惠托育机构开办、运
营、保育费补助及相关税费、产业发展等优惠政策。德州等市对城乡居民医保参保人员住院分娩
医疗费实行 3000 元限额支付,对城镇职工生育保险参保人员住院分娩医疗费实行医保全额支付。
其他市同步完善方案,全省激励生育政策导向更加鲜明。 
        二是整体提升生育保障水平。山东省实施全省母婴安全和健康儿童提升计划,强化全链条健康

第 1 页  共 2 页 

 
   
 
 
   
保障。目前,全省婚前医学检查率达 93.88%,为 52.3 万人提供孕前优生健康检查服务,产前筛查率达
98.02%,新生儿遗传代谢病筛查率和听力障碍筛查率保持在 99%以上,全省危重孕产妇救治中心、
新生儿救治中心分别达到 215 家和 202 家,孕产妇死亡率、婴儿死亡率和 5 岁以下儿童死亡率均达
到历史最低水平。 
        三是全面健全托育服务体系。山东省统筹财政资金 2.7 亿元,撬动社会资本近 15 亿元,全省现
有托育机构 7561 家,托位 37.56 万个,每干人口托位数达到 3.71 个。强化示范引领,争取中央财政资
金 2 亿元支持济南、济宁两个市实施普惠托育服务发展示范项目,济南、济宁、聊城 3 个市被命名
为第一批“全国婴幼儿照护服务示范城市”,全省命名 20 个省级“婴幼儿照护服务示范县(市、区)”,
培育省、市、县三级示范托育机构 617 家。强化人才引育,9593 名从业人员获得婴幼儿发展引导
员证或保育师证,举办两届托育照护职业技能大赛。全省开设托育照护相关专业的院校有 173 家,
在校生有 14.5 万人。 
        下一步,山东将扛牢“走在前、挑大梁”的使命担当,推动出台一批更有力度、更有温度的生
育支持政策和托育服务措施,进一步健全覆盖全人群、全生命周期的人口服务体系,努力为全国人
口高质量发展贡献山东力量。 

第 2 页  共 2 页 

 
"
综合施策促进人口高质量发展.pdf,上海市卫生健康委党组书记、主任闻大翔:,,,,,,"中国人口报/2024 年/9 月/4 日/第 005 版 
行业/人口 

上海市卫生健康委党组书记、主任闻大翔: 

综合施策促进人口高质量发展 

本报记者    严少卫 

      近年来,上海市认真贯彻落实习近平总书记提出的“以人口高质量发展支撑中国式现代化”的
重要论断和《中共中央国务院关于优化生育政策促进人口长期均衡发展的决定》精神,积极推动建
设生育友好型社会,促进人口高质量发展。日前,本报记者专访了上海市卫生健康委党组书记、主
任闻大翔。 
        记者:作为一个人口超大型城市,请问目前上海的人口发展形势是怎样的? 
        闻大翔:目前,上海的人口发展呈现出少子化加剧、老龄化加深的特征。 
        截至 2023 年末,上海市常住人口为 2487.45 万人。其中,外来常住人口为 1007.28 万人,占 40%。
2023 年,全市分娩活产数 10.39 万人,比 2022 年的 11.69 万人减少了 1.3 万人,下降 11.12%。2023 年
底,上海市户籍人口中 60 岁及以上老年人口为 568.05 万人,占比为 37.4%。目前,上海市的总和生育
率已经从 2016 年的 1.1 下降至 2023 年的 0.6。2023 年,在上海登记结婚的女性平均初婚年龄为 29.2
岁,上海户籍人口女性平均初育年龄为 31.66 岁。 
        记者:面对人口发展的现状,上海正在从哪些方面着手,制定针对性措施,促进人口高质量发展? 
        闻大翔:面对少子化加剧、老龄化加深的人口发展形势,上海从完善工作机制、健全政策体系、
开展广泛宣传、强化生育服务保障以及大力发展托育服务等方面,综合施策,努力促进人口高质量
发展。 
        在完善人口综合服务和管理工作机制、促进综合决策方面,上海市委、市政府印发的《关于调
整上海市人口综合服务和管理领导小组组成人员等事宜的通知》明确,由市委、市政府主要领导担
任双组长,进一步加强领导小组对人口工作的统筹协调。领导小组办公室设在上海市发展改革委,
强化在战略研究、政策平衡、服务管理和数据监测等方面的牵头抓总作用。 
        在健全生育支持政策体系、鼓励家庭生育养育方面,2021 年 11 月,上海市人大常委会审议通过
《关于修改<上海市人口与计划生育条例>的决定》,三孩生育政策在上海正式落地。新修订的《上
海市人口与计划生育条例》完善了奖励休假制度,明确符合法律法规规定生育的夫妻,女方除享受
国家规定的产假外,还可以再享受生育假 60 天,男方享受配偶陪产假 10 天;并增设育儿假,明确规定
符合法律法规规定生育的夫妻,在其子女年满 3 周岁之前,双方每年可以享受育儿假各 5 天。2021
年 12 月,上海市委、市政府印发《关于优化生育政策促进人口长期均衡发展的实施意见》,聚焦青
年发展和家庭关切,采取综合措施,降低生育、养育、教育成本。2022 年 1 月,上海市医保局等 3 部
门印发的《关于支持三孩政策生育保险工作的通知》,进一步提高生育保险待遇。2024 年 4 月,上
海市医保局、市人力资源社会保障局、市卫生健康委印发《关于将部分治疗性辅助生殖技术项目
纳入医保、工伤保险支付范围的通知》明确,自 2024 年 6 月 1 日起,将 12 个辅助生殖类医疗服务
项目纳入医保支持范围。2024 年 5 月,上海市住房城乡建设管理委等部门印发《关于优化本市房
地产市场平稳健康发展政策措施的通知》,支持多子女家庭合理住房需求,包括可增购 1 套住房,以
及优化多子女家庭在个人住房贷款中首套住房认定标准。 
        在开展生育友好宣传、树立新型婚育文化方面,上海市卫生健康系统组织开展形式多样的生育
友好宣传活动,提倡适龄婚育、优生优育。2022 年,上海市卫生健康委印发《关于本市进一步加强
优化生育政策宣传工作的实施方案》,举办以“城市人口高质量发展与生育友好型社会”为主题的

第 1 页  共 2 页 

 
 
 
 
   
多场专题报告会、研讨会。2022 年、2023 年连续两年举办上海市“好孕来——生育促进暨家庭
健康宣传服务直通车”网络知识竞赛,营造社会各界共同参与的良好氛围。以 5 月 15 日“国际家
庭日”为契机,每年举行大型主题宣传活动。浦东新区卫生健康委、宝山区卫生健康委被评为“全
国生育友好工作先进单位”。 
        在加强生育全程服务、提高优生优育服务水平方面,上海市还着力提高妇幼健康服务能力,推
进实施母婴安全行动提升、健康儿童行动提升、母乳喂养促进等一系列行动计划。加大出生缺陷
综合防治力度,将孕前优生健康检查纳入全市基本公共服务项目清单。积极推进出生“一件事”办
理,实现《出生医学证明》签发、出生登记、医保参保登记等婴儿出生后需要办理的 11 个事项“一
网办、一窗办、一次办”。将 0 至 6 岁儿童孤独症筛查纳入基本公共卫生儿童保健项目。推进儿
童早期发展基地建设,建成 2 个国家级和 21 个市级儿童早期发展基地。加强生殖健康宣传服务,组
织开展“健康家庭一生殖健康”社区行项目,预防意外妊娠,完善不孕不育诊治服务。上海市卫生
健康委、市文明办、市发展改革委等部门印发《上海市母婴设施建设和管理办法》《上海市公共
场所母婴室星级评定方案》,在全市各类公共场所建成 1634 个母婴设施。母婴服务需求较大的大
型商业网点、机场、铁路车站、助产医疗机构、儿童专科医院等重点公共场所已基本实现母婴设
施全覆盖。 
        在大力发展普惠托育服务、指导家庭科学育儿方面,上海市委、市政府连续两轮实施“学龄前
儿童善育”民心工程。自 2023 年 1 月 1 日起,《上海市学前教育与托育服务条例》正式实施。2023
年 10 月 20 日,上海市政府印发《关于进一步促进本市托育服务发展的指导意见》。2024 年 3 月,
上海市卫生健康委印发《关于本市促进医疗卫生机构支持托育服务发展的实施意见》。积极开展
立足社区、面向 0 至 3 岁婴幼儿家庭的科学育儿宣传指导服务。截至 2023 年底,上海市共有各类
托育服务机构 1775 家,可提供托育服务人数约为 8.7 万人。其中,普惠性托育点有 1327 家,占比 75%。
黄浦区、浦东新区、奉贤区成功创建第一批“全国婴幼儿照护服务示范城市”。 
        记者:请问接下来上海人口高质量发展的具体方向是什么? 
        闻大翔:《中共中央关于进一步全面深化改革、推进中国式现代化的决定》明确提出,“健全
人口发展支持和服务体系”“以应对老龄化、少子化为重点完善人口发展战略,健全覆盖全人群、
全生命周期的人口服务体系,促进人口高质量发展”等一系列新任务、新要求,为上海指明了新时
代人口工作的发展方向。上海市卫生健康委将认真学习、深刻领会习近平总书记关于人口工作的
重要论述和党的二十大、二十届三中全会精神,将思想和行动统一到以习近平同志为核心的党中央
决策部署上来。 
        同时,紧密结合上海实际,在上海市委、市政府领导下,聚焦重点、抓住关键,加快建立完善与上
海超大型城市相适应的生育支持政策体系、激励机制和服务体系,推动建设生育友好型社会,促进
人口高质量发展。 

第 2 页  共 2 页 

 
"
靶向发力  奏响托育服务进行曲.pdf,靶向发力    奏响托育服务进行曲,,,,,,"中国人口报/2024 年/4 月/3 日/第 005 版 
行业/人口 

靶向发力    奏响托育服务进行曲 

本报记者    严少卫 

      ■■开栏的话 
        婴幼儿是“社会最柔软的群体”,幼有善育事关千家万户福祉。2024 年政府工作报告提出,多
渠道增加托育服务供给,减轻家庭生育、养育、教育负担。此前,国家卫生健康委、国家发展改革
委命名首批 33 个全国婴幼儿照护服务示范城市。各地进一步高点谋划、靶向发力,层层推进婴幼
儿照护工作。即日起,本报推出“托育服务在行动”专栏,本期围绕“高点谋划”分享经验做法,以
进一步发挥示范引领、带动辐射作用。 
        广东广州  靶向发力  专人负责 
        广东省广州市各部门协同合力,加强组织管理。2019 年 7 月,广州率先成立市级 3 岁以下婴幼
儿托育服务工作联席会议制度,充分发挥 22 个成员单位的作用,各区相应建立联席工作会议制度。
各镇街公共服务项目办和基层计生协指定专人,负责推进家庭发展促进工作,逐步形成三级管理体
系和部门联动机制。 
        同时,广州靶向发力,完善法规体系,实施《广州市人口与计划生育服务规定》,设置专门条款支
持婴幼儿照护服务发展,启动《广州市托育机构管理条例》法规立法项目。印发实施《广州市卫生
健康事业发展“十四五”规划》《“十四五”广州市区域卫生规划》《广州市托育服务体系规划(2021
—2030 年)》等,明确托育服务发展方向;制定公共服务类地方标准《托育机构卫生保健评价规范》,
提升托育服务规范性。 
        福建厦门  不负所“托”  多元服务 
        福建省厦门市积极探索、多措并举,推动婴幼儿照护服务高质量发展,各项工作取得阶段性成
效。该市成立专门机构,确保“有人可用”。2021 年成立市、区两级家庭发展事务中心,主要承担婴
幼儿照护服务事务性工作。市区中心均为参公事业单位,编内人员共 123 人。依托各镇街、村居卫
生健康专干、计生协会小组长构建“四级一线同服务”的工作模式。截至 2022 年末,厦门市拥有
托育服务机构 300 多家(已通过备案 100 家),提供托位 1.57 万个,千人口托位数 2.96 个。提供普惠
性托位 4300 多个,普惠性收费人均不高于 2800 元,托育机构入托率全年平均约 50%。 
        重庆万州  建章立制  强力推进 
        重庆市万州区在构建全方位照护体系,让群众托得起、托得上、托得好上下功夫。区委主要领
导谋划城区托育机构布局,区政府将提升托育服务水平纳入全区“十四五”规划,并连续 3 年将其
列入民生实事项目。成立以政府主要领导任组长的专项工作领导小组,强力推进托育事业发展。在
建立政策保障机制上,印发《推进婴幼儿照护服务工作的一揽子政策措施》等系列配套文件,实行
建设补助、运营补贴和培训补贴等,累计补贴 423.67 万元。 
        四川成都  幼有善育  打造样本 
        在四川省成都市,当地以创建全国婴幼儿照护服务示范城市为契机,着力打造“幼有善育”幸
福样本城市,走出了一条具有成都特色和示范效应的托育服务高质量发展之路。 
        在实施“幸福美好生活十大工程”中,成都把托育服务作为营建全龄友好包容社会的重要内容,
纳入国民经济和社会发展总体规划,建立市委书记、市长双挂帅的决策领导机制,制定“一老一小”
整体解决方案,建立部门联席会议制度,严格目标绩效考核,形成党政主导、统筹推进的工作格局。 
        陕西西安  突出引导  强化支持 
        陕西省西安市政府多次召开专题会议研究 3 岁以下婴幼儿照护服务工作,建立由 18 个部门和

第 1 页  共 2 页 

 
 
 
   
群团组织组成的联席会议制度,定期监督、指导、协调工作开展。 
        莲湖区是西安市中心城区之一,该区以优化生育政策、完善生育支持措施、促进人口长期均衡
发展为目标,深入实施三孩生育政策及配套支持措施。同时,该区加大财政投入,将计划生育事业费
列入年度财政预算,根据省、市标准,区级足额配套,且逐年增长,为免费孕前优生、“两癌”免费筛
查、计划生育特别扶助和计划生育关怀慰问等工作健康运转提供充足保障。 
        江苏无锡  “锡”心托育  巧解民忧 
        近年来,江苏省无锡市委、市政府高度重视托育工作,认真落实国家、省关于 3 岁以下婴幼儿
照护服务系列文件精神,全力推进托育事业发展。 
        无锡市主要领导深入调研,多次指示批示,建立联席会议制度,成立托育服务发展工作专班,实
行任务清单责任制。该市将促进 3 岁以下婴幼儿照护服务事业发展列入全市重点发展计划指标,
千人口托位数列入地方党委政府高质量发展考核指标体系。将托育服务纳入《无锡市基本公共服
务实施标准(2022 年版)》,制定托育机构登记备案管理、消防安全监督、卫生保健工作等相关文件。
全市备案托育机构 227 家,备案率列江苏省第一。印发《无锡市“一老一小”整体解决方案》《“十
四五”托育服务发展规划》,引领托育服务均衡发展。截至 2022 年,该市拥有 3 岁以下婴幼儿托位
数 2.73 万个,千人口托位数 3.6 个。 
        内蒙古鄂尔多斯  完善措施  全周期服务 
        内蒙古自治区鄂尔多斯市委、市政府将婴幼儿照护服务工作作为地区经济建设和高质量发展
民生工程的重中之重,完善政策措施,增加服务供给,取得明显成效。该市印发《关于促进和加强 3
岁以下婴幼儿照护服务工作实施方案》《“一老一小”整体解决方案》,成立推动养老托育工作领导
小组,建立 3 岁以下婴幼儿照护服务发展工作联席会议制度,研究落实产前、分娩、生育、养育、
教育等全周期生育支持配套措施,为托育服务发展提供坚实保障。截至 2022 年,该市共有 3 岁以下
婴幼儿 53594 人,托育机构 167 家,托位数 9020 个,千人口托位数 4.1 个。 

第 2 页  共 2 页 

 
"
